Model,Accuracy,Precision,Recall,F1-Score,ROC-AUC
Random Forest,0.9948638392324399,0.9983975078041369,0.99131879252296,0.9948455583659078,0.9998558026673643
