Model,Accuracy,Precision,Recall,F1-Score,ROC-AUC
LSTM,0.9956816789581294,0.9935456682784013,0.9978456094347669,0.9956909965007208,0.9999108690564813
