Model,Accuracy,Precision,Recall,F1-Score,ROC-AUC
Shallow DNN,0.9946410813305011,0.9925563738227726,0.9967572762393315,0.9946523894356112,0.9998410595955298
